day_of_week,quarter_end,tech_era,patent_count,patent_unique,utility_share,design_share,avg_title_words,avg_keyword_score,kw_5g_count,kw_ai_ml_count,kw_cloud_edge_count,kw_security_count,kw_iot_count,kw_network_count,kw_energy_count,kw_antenna_count,kw_data_count,patent_count_lag1,patent_count_lag2,patent_count_lag4,patent_count_roll4_mean,patent_count_roll8_mean,patent_count_qoq,patent_count_yoy,target_patent_count_current,target_patent_count_next_quarter,years_since_first_patent,year_patent_count,year,quarter
1,1976-03-31,legacy_pre_1990,10,10,1.0,0.0,9.0,0.9,0,0,0,0,0,6,0,0,3,334.0,331.0,324.0,347.75,337.375,0.0238726790450929,0.0743243243243243,10,5.0,0,36,1976,1
1,1976-06-30,legacy_pre_1990,5,5,1.0,0.0,8.6,0.8,0,0,0,0,0,2,0,0,2,10.0,331.0,324.0,347.75,337.375,-0.5,0.0743243243243243,5,11.0,0,36,1976,2
1,1976-09-30,legacy_pre_1990,11,11,1.0,0.0,8.272727272727273,0.3636363636363636,0,0,0,0,0,2,1,0,1,5.0,10.0,324.0,347.75,337.375,1.2000000000000002,0.0743243243243243,11,10.0,0,36,1976,3
1,1976-12-31,legacy_pre_1990,10,10,1.0,0.0,9.5,0.3,0,0,0,0,0,2,1,0,0,11.0,5.0,324.0,9.0,337.375,-0.0909090909090909,0.0743243243243243,10,10.0,0,36,1976,4
1,1977-03-31,legacy_pre_1990,10,10,0.9,0.1,5.2,0.1,0,0,0,0,0,0,0,1,0,10.0,11.0,10.0,9.0,337.375,0.0,0.0,10,9.0,1,42,1977,1
1,1977-06-30,legacy_pre_1990,9,9,0.8888888888888888,0.1111111111111111,6.333333333333333,0.3333333333333333,0,0,0,0,0,2,1,0,0,10.0,10.0,5.0,10.0,337.375,-0.0999999999999999,0.8,9,12.0,1,42,1977,2
1,1977-09-30,legacy_pre_1990,12,12,0.9166666666666666,0.0833333333333333,6.083333333333333,0.1666666666666666,0,0,0,0,0,1,0,0,1,9.0,10.0,11.0,10.25,337.375,0.3333333333333332,0.0909090909090908,12,11.0,1,42,1977,3
1,1977-12-31,legacy_pre_1990,11,11,0.9090909090909092,0.0909090909090909,9.272727272727272,0.4545454545454545,0,0,0,1,0,3,0,0,1,12.0,9.0,10.0,10.5,9.75,-0.0833333333333333,0.1,11,16.0,1,42,1977,4
1,1978-03-31,legacy_pre_1990,16,16,1.0,0.0,11.1875,0.5625,0,0,0,0,0,5,0,0,4,11.0,12.0,10.0,12.0,10.5,0.4545454545454546,0.6000000000000001,16,8.0,2,45,1978,1
1,1978-06-30,legacy_pre_1990,8,8,1.0,0.0,9.5,0.375,0,0,0,0,0,2,0,0,1,16.0,11.0,9.0,11.75,10.875,-0.5,-0.1111111111111111,8,11.0,2,45,1978,2
1,1978-09-30,legacy_pre_1990,11,11,0.8181818181818182,0.1818181818181818,9.090909090909092,0.3636363636363636,0,0,0,0,0,3,1,0,0,8.0,16.0,12.0,11.5,10.875,0.375,-0.0833333333333333,11,10.0,2,45,1978,3
1,1978-12-31,legacy_pre_1990,10,10,0.8,0.2,5.5,0.1,0,0,0,0,0,0,0,0,1,11.0,8.0,11.0,11.25,10.875,-0.0909090909090909,-0.0909090909090909,10,8.0,2,45,1978,4
1,1979-03-31,legacy_pre_1990,8,8,0.75,0.25,5.75,0.5,0,0,0,0,0,3,0,0,1,10.0,11.0,16.0,9.25,10.625,-0.1999999999999999,-0.5,8,10.0,3,28,1979,1
1,1979-06-30,legacy_pre_1990,10,10,0.9,0.1,8.9,0.4,0,0,0,0,0,3,0,1,0,8.0,10.0,8.0,9.75,10.75,0.25,0.25,10,6.0,3,28,1979,2
1,1979-09-30,legacy_pre_1990,6,6,1.0,0.0,12.666666666666666,0.1666666666666666,0,0,0,0,0,0,0,0,1,10.0,8.0,11.0,8.5,10.0,-0.4,-0.4545454545454546,6,4.0,3,28,1979,3
1,1979-12-31,legacy_pre_1990,4,4,0.75,0.25,10.25,0.25,0,0,0,0,0,0,0,0,1,6.0,10.0,10.0,7.0,9.125,-0.3333333333333333,-0.6,4,4.0,3,28,1979,4
1,1980-03-31,legacy_pre_1990,4,4,0.75,0.25,6.25,0.5,0,0,0,0,0,2,0,0,0,4.0,6.0,8.0,6.0,7.625,0.0,-0.5,4,4.0,4,17,1980,1
1,1980-06-30,legacy_pre_1990,4,4,0.75,0.25,8.0,0.75,0,0,0,0,0,1,0,0,2,4.0,4.0,10.0,4.5,7.125,0.0,-0.6,4,5.0,4,17,1980,2
1,1980-09-30,legacy_pre_1990,5,5,0.4,0.6,5.4,0.4,0,0,0,0,0,1,1,0,0,4.0,4.0,6.0,4.25,6.375,0.25,-0.1666666666666666,5,4.0,4,17,1980,3
1,1980-12-31,legacy_pre_1990,4,4,1.0,0.0,10.75,0.0,0,0,0,0,0,0,0,0,0,5.0,4.0,4.0,4.25,5.625,-0.1999999999999999,0.0,4,3.0,4,17,1980,4
1,1981-03-31,legacy_pre_1990,3,3,1.0,0.0,11.0,1.3333333333333333,0,0,0,0,0,2,1,0,1,4.0,5.0,4.0,4.0,5.0,-0.25,-0.25,3,1.0,5,12,1981,1
1,1981-06-30,legacy_pre_1990,1,1,1.0,0.0,5.0,1.0,0,0,0,0,0,1,0,0,0,3.0,4.0,4.0,3.25,3.875,-0.6666666666666667,-0.75,1,3.0,5,12,1981,2
1,1981-09-30,legacy_pre_1990,3,3,0.6666666666666666,0.3333333333333333,4.0,0.6666666666666666,0,0,0,0,0,2,0,0,0,1.0,3.0,5.0,2.75,3.5,2.0,-0.4,3,5.0,5,12,1981,3
1,1981-12-31,legacy_pre_1990,5,5,1.0,0.0,12.2,0.2,0,0,0,0,0,1,0,0,0,3.0,1.0,4.0,3.0,3.625,0.6666666666666667,0.25,5,1.0,5,12,1981,4
1,1982-03-31,legacy_pre_1990,1,1,1.0,0.0,3.0,0.0,0,0,0,0,0,0,0,0,0,5.0,3.0,3.0,2.5,3.25,-0.8,-0.6666666666666667,1,4.0,6,14,1982,1
1,1982-06-30,legacy_pre_1990,4,4,0.5,0.5,5.25,0.25,0,0,0,0,0,1,0,0,0,1.0,5.0,1.0,3.25,3.25,3.0,3.0,4,3.0,6,14,1982,2
1,1982-09-30,legacy_pre_1990,3,3,1.0,0.0,13.0,1.3333333333333333,0,0,0,0,0,3,0,0,1,4.0,1.0,3.0,3.25,3.0,-0.25,0.0,3,6.0,6,14,1982,3
1,1982-12-31,legacy_pre_1990,6,6,1.0,0.0,10.333333333333334,0.8333333333333334,0,0,0,0,0,4,0,0,1,3.0,4.0,5.0,3.5,3.25,1.0,0.1999999999999999,6,5.0,6,14,1982,4
1,1983-03-31,legacy_pre_1990,5,5,0.8,0.2,10.2,0.2,0,0,0,0,0,1,0,0,0,6.0,3.0,1.0,4.5,3.5,-0.1666666666666666,4.0,5,3.0,7,22,1983,1
1,1983-06-30,legacy_pre_1990,3,3,1.0,0.0,14.0,1.0,0,0,0,0,0,2,0,0,1,5.0,6.0,4.0,4.25,3.75,-0.4,-0.25,3,5.0,7,22,1983,2
1,1983-09-30,legacy_pre_1990,5,5,0.8,0.2,8.2,0.0,0,0,0,0,0,0,0,0,0,3.0,5.0,3.0,4.75,4.0,0.6666666666666667,0.6666666666666667,5,9.0,7,22,1983,3
1,1983-12-31,legacy_pre_1990,9,9,0.4444444444444444,0.5555555555555556,6.666666666666667,0.2222222222222222,0,0,0,0,0,2,0,0,0,5.0,3.0,6.0,5.5,4.5,0.8,0.5,9,7.0,7,22,1983,4
1,1984-03-31,legacy_pre_1990,7,7,0.5714285714285714,0.4285714285714285,5.714285714285714,0.0,0,0,0,0,0,0,0,0,0,9.0,5.0,5.0,6.0,5.25,-0.2222222222222222,0.3999999999999999,7,6.0,8,34,1984,1
1,1984-06-30,legacy_pre_1990,6,6,0.6666666666666666,0.3333333333333333,5.166666666666667,0.3333333333333333,0,0,0,0,0,2,0,0,0,7.0,9.0,3.0,6.75,5.5,-0.1428571428571429,1.0,6,15.0,8,34,1984,2
1,1984-09-30,legacy_pre_1990,15,15,0.8666666666666667,0.1333333333333333,11.333333333333334,0.3333333333333333,0,0,0,0,0,4,0,0,1,6.0,7.0,5.0,9.25,7.0,1.5,2.0,15,6.0,8,34,1984,3
1,1984-12-31,legacy_pre_1990,6,6,0.8333333333333334,0.1666666666666666,11.833333333333334,0.5,0,0,0,0,0,2,1,0,0,15.0,6.0,9.0,8.5,7.0,-0.6,-0.3333333333333333,6,5.0,8,34,1984,4
1,1985-03-31,legacy_pre_1990,5,5,0.6,0.4,8.8,0.4,0,0,0,0,0,2,0,0,0,6.0,15.0,7.0,8.0,7.0,-0.1666666666666666,-0.2857142857142857,5,3.0,9,26,1985,1
1,1985-06-30,legacy_pre_1990,3,3,1.0,0.0,11.333333333333334,0.3333333333333333,0,0,0,0,0,1,0,0,0,5.0,6.0,6.0,7.25,7.0,-0.4,-0.5,3,6.0,9,26,1985,2
1,1985-09-30,legacy_pre_1990,6,6,1.0,0.0,9.5,0.6666666666666666,0,0,0,0,0,3,0,0,1,3.0,5.0,15.0,5.0,7.125,1.0,-0.6,6,12.0,9,26,1985,3
1,1985-12-31,legacy_pre_1990,12,12,0.9166666666666666,0.0833333333333333,8.083333333333334,0.25,0,0,1,0,0,2,0,0,0,6.0,3.0,6.0,6.5,7.5,1.0,1.0,12,15.0,9,26,1985,4
1,1986-03-31,legacy_pre_1990,15,15,0.9333333333333332,0.0666666666666666,9.2,0.2666666666666666,0,0,0,0,0,4,0,0,0,12.0,6.0,5.0,9.0,8.5,0.25,2.0,15,9.0,10,49,1986,1
1,1986-06-30,legacy_pre_1990,9,9,0.4444444444444444,0.5555555555555556,7.0,0.4444444444444444,0,0,0,0,0,1,1,0,2,15.0,12.0,3.0,10.5,8.875,-0.4,2.0,9,10.0,10,49,1986,2
1,1986-09-30,legacy_pre_1990,10,10,0.8,0.2,5.6,0.0,0,0,0,0,0,0,0,0,0,9.0,15.0,6.0,11.5,8.25,0.1111111111111111,0.6666666666666667,10,15.0,10,49,1986,3
1,1986-12-31,legacy_pre_1990,15,15,0.8,0.2,8.8,0.2666666666666666,0,0,0,0,0,3,0,0,1,10.0,9.0,12.0,12.25,9.375,0.5,0.25,15,9.0,10,49,1986,4
1,1987-03-31,legacy_pre_1990,9,9,1.0,0.0,11.11111111111111,0.8888888888888888,0,0,0,0,0,6,2,0,0,15.0,10.0,15.0,10.75,9.875,-0.4,-0.4,9,12.0,11,42,1987,1
1,1987-06-30,legacy_pre_1990,12,12,1.0,0.0,10.333333333333334,0.1666666666666666,0,0,0,0,0,2,0,0,0,9.0,15.0,9.0,11.5,11.0,0.3333333333333332,0.3333333333333332,12,11.0,11,42,1987,2
1,1987-09-30,legacy_pre_1990,11,11,0.8181818181818182,0.1818181818181818,6.545454545454546,0.1818181818181818,0,0,0,0,0,2,0,0,0,12.0,9.0,10.0,11.75,11.625,-0.0833333333333333,0.1,11,10.0,11,42,1987,3
1,1987-12-31,legacy_pre_1990,10,10,1.0,0.0,10.4,0.4,0,0,0,0,0,4,0,0,0,11.0,12.0,15.0,10.5,11.375,-0.0909090909090909,-0.3333333333333333,10,13.0,11,42,1987,4
1,1988-03-31,legacy_pre_1990,13,13,0.8461538461538461,0.1538461538461538,6.923076923076923,0.3076923076923077,0,0,0,0,0,3,0,0,1,10.0,11.0,9.0,11.5,11.125,0.3,0.4444444444444444,13,9.0,12,40,1988,1
1,1988-06-30,legacy_pre_1990,9,9,1.0,0.0,9.11111111111111,0.0,0,0,0,0,0,0,0,0,0,13.0,10.0,12.0,10.75,11.125,-0.3076923076923077,-0.25,9,9.0,12,40,1988,2
1,1988-09-30,legacy_pre_1990,9,9,1.0,0.0,7.666666666666667,0.3333333333333333,0,0,0,0,0,2,0,0,1,9.0,13.0,11.0,10.25,11.0,0.0,-0.1818181818181817,9,9.0,12,40,1988,3
1,1988-12-31,legacy_pre_1990,9,9,1.0,0.0,8.555555555555555,0.4444444444444444,0,0,0,0,0,3,0,1,0,9.0,9.0,10.0,10.0,10.25,0.0,-0.0999999999999999,9,8.0,12,40,1988,4
1,1989-03-31,legacy_pre_1990,8,8,1.0,0.0,6.125,0.5,0,0,0,0,0,3,0,0,1,9.0,9.0,13.0,8.75,10.125,-0.1111111111111111,-0.3846153846153846,8,4.0,13,29,1989,1
1,1989-06-30,legacy_pre_1990,4,4,0.75,0.25,7.5,0.5,0,0,0,0,0,1,1,0,0,8.0,9.0,9.0,7.5,9.125,-0.5,-0.5555555555555556,4,14.0,13,29,1989,2
1,1989-09-30,legacy_pre_1990,14,14,1.0,0.0,13.571428571428571,0.5714285714285714,0,0,0,0,0,5,2,0,1,4.0,8.0,9.0,8.75,9.5,2.5,0.5555555555555556,14,3.0,13,29,1989,3
1,1989-12-31,legacy_pre_1990,3,3,1.0,0.0,11.0,0.6666666666666666,0,0,0,0,0,2,0,0,0,14.0,4.0,9.0,7.25,8.625,-0.7857142857142857,-0.6666666666666667,3,6.0,13,29,1989,4
1,1990-03-31,legacy_1990s,6,6,0.6666666666666666,0.3333333333333333,8.5,0.6666666666666666,0,0,0,0,0,3,0,0,1,3.0,14.0,8.0,6.75,7.75,1.0,-0.25,6,6.0,14,33,1990,1
1,1990-06-30,legacy_1990s,6,6,0.8333333333333334,0.1666666666666666,14.166666666666666,0.8333333333333334,0,0,0,0,0,3,0,0,2,6.0,3.0,4.0,7.25,7.375,0.0,0.5,6,14.0,14,33,1990,2
1,1990-09-30,legacy_1990s,14,14,0.7142857142857143,0.2857142857142857,9.071428571428571,0.4285714285714285,0,0,0,0,0,3,2,1,0,6.0,6.0,14.0,7.25,8.0,1.3333333333333337,0.0,14,7.0,14,33,1990,3
1,1990-12-31,legacy_1990s,7,7,0.8571428571428571,0.1428571428571428,9.857142857142858,0.7142857142857143,0,0,0,0,0,3,1,0,1,14.0,6.0,3.0,8.25,7.75,-0.5,1.3333333333333337,7,9.0,14,33,1990,4
1,1991-03-31,legacy_1990s,9,9,0.8888888888888888,0.1111111111111111,10.77777777777778,0.4444444444444444,0,0,0,0,0,3,0,0,1,7.0,14.0,6.0,9.0,7.875,0.2857142857142858,0.5,9,7.0,15,40,1991,1
1,1991-06-30,legacy_1990s,7,7,1.0,0.0,12.714285714285714,0.4285714285714285,0,0,0,0,0,2,0,0,1,9.0,7.0,6.0,9.25,8.25,-0.2222222222222222,0.1666666666666667,7,12.0,15,40,1991,2
1,1991-09-30,legacy_1990s,12,12,1.0,0.0,7.583333333333333,0.4166666666666667,0,0,0,0,0,3,1,0,1,7.0,9.0,14.0,8.75,8.0,0.7142857142857142,-0.1428571428571429,12,12.0,15,40,1991,3
1,1991-12-31,legacy_1990s,12,12,1.0,0.0,7.916666666666667,0.4166666666666667,0,0,0,1,0,3,0,0,1,12.0,7.0,7.0,10.0,9.125,0.0,0.7142857142857142,12,11.0,15,40,1991,4
1,1992-03-31,legacy_1990s,11,11,1.0,0.0,8.909090909090908,0.4545454545454545,0,0,0,2,0,3,0,0,0,12.0,12.0,9.0,10.5,9.75,-0.0833333333333333,0.2222222222222223,11,12.0,16,54,1992,1
1,1992-06-30,legacy_1990s,12,12,1.0,0.0,9.333333333333334,0.6666666666666666,0,0,0,0,0,8,0,0,0,11.0,12.0,7.0,11.75,10.5,0.0909090909090908,0.7142857142857142,12,19.0,16,54,1992,2
1,1992-09-30,legacy_1990s,19,19,1.0,0.0,11.421052631578949,0.4736842105263157,0,0,0,0,0,9,0,0,0,12.0,11.0,12.0,13.5,11.125,0.5833333333333333,0.5833333333333333,19,12.0,16,54,1992,3
1,1992-12-31,legacy_1990s,12,12,1.0,0.0,9.416666666666666,0.5833333333333334,0,0,0,0,0,5,1,1,0,19.0,12.0,12.0,13.5,11.75,-0.368421052631579,0.0,12,15.0,16,54,1992,4
1,1993-03-31,legacy_1990s,15,15,1.0,0.0,10.733333333333333,0.5333333333333333,0,0,0,0,0,7,1,0,0,12.0,19.0,11.0,14.5,12.5,0.25,0.3636363636363635,15,16.0,17,69,1993,1
1,1993-06-30,legacy_1990s,16,16,1.0,0.0,7.1875,0.4375,0,0,0,0,0,4,0,3,0,15.0,12.0,12.0,15.5,13.625,0.0666666666666666,0.3333333333333332,16,25.0,17,69,1993,2
1,1993-09-30,legacy_1990s,25,25,0.96,0.04,8.04,0.4,0,0,0,0,0,7,3,0,0,16.0,15.0,19.0,17.0,15.25,0.5625,0.3157894736842106,25,13.0,17,69,1993,3
1,1993-12-31,legacy_1990s,13,13,1.0,0.0,9.692307692307692,0.2307692307692307,0,0,0,0,0,3,0,0,0,25.0,16.0,12.0,17.25,15.375,-0.48,0.0833333333333332,13,23.0,17,69,1993,4
1,1994-03-31,legacy_1990s,23,23,0.9565217391304348,0.0434782608695652,10.08695652173913,0.6086956521739131,0,0,0,1,0,11,1,0,1,13.0,25.0,15.0,19.25,16.875,0.7692307692307692,0.5333333333333334,23,22.0,18,103,1994,1
1,1994-06-30,legacy_1990s,22,22,0.7727272727272727,0.2272727272727272,7.181818181818182,0.6363636363636364,0,0,0,0,0,9,4,0,1,23.0,13.0,16.0,20.75,18.125,-0.0434782608695651,0.375,22,24.0,18,103,1994,2
1,1994-09-30,legacy_1990s,24,24,1.0,0.0,7.708333333333333,0.4166666666666667,0,0,0,0,0,8,2,0,0,22.0,23.0,25.0,20.5,18.75,0.0909090909090908,-0.04,24,34.0,18,103,1994,3
1,1994-12-31,legacy_1990s,34,34,1.0,0.0,7.735294117647059,0.5,0,0,0,0,0,14,2,0,1,24.0,22.0,13.0,25.75,21.5,0.4166666666666667,1.6153846153846154,34,27.0,18,103,1994,4
1,1995-03-31,legacy_1990s,27,27,0.8518518518518519,0.1481481481481481,7.555555555555555,0.5185185185185185,0,0,0,1,0,10,1,1,1,34.0,24.0,23.0,26.75,23.0,-0.2058823529411765,0.1739130434782609,27,30.0,19,111,1995,1
1,1995-06-30,legacy_1990s,30,30,0.9666666666666668,0.0333333333333333,8.8,0.5,0,1,0,0,0,11,3,0,0,27.0,34.0,22.0,28.75,24.75,0.1111111111111111,0.3636363636363635,30,32.0,19,111,1995,2
1,1995-09-30,legacy_1990s,32,32,0.96875,0.03125,9.75,0.625,0,0,0,0,0,18,0,0,2,30.0,27.0,24.0,30.75,25.625,0.0666666666666666,0.3333333333333332,32,22.0,19,111,1995,3
1,1995-12-31,legacy_1990s,22,22,1.0,0.0,8.590909090909092,0.5,0,0,0,0,0,9,0,1,1,32.0,30.0,34.0,27.75,26.75,-0.3125,-0.3529411764705882,22,42.0,19,111,1995,4
1,1996-03-31,legacy_1990s,42,42,0.9523809523809524,0.0476190476190476,10.071428571428571,0.6904761904761905,0,0,0,0,0,18,6,0,5,22.0,32.0,27.0,31.5,29.125,0.9090909090909092,0.5555555555555556,42,40.0,20,217,1996,1
1,1996-06-30,legacy_1990s,40,40,1.0,0.0,9.25,0.55,0,1,0,0,0,17,0,0,4,42.0,22.0,30.0,34.0,31.375,-0.0476190476190476,0.3333333333333332,40,65.0,20,217,1996,2
1,1996-09-30,legacy_1990s,65,65,1.0,0.0,10.03076923076923,0.6307692307692307,0,0,0,3,0,29,1,3,5,40.0,42.0,32.0,42.25,36.5,0.625,1.03125,65,70.0,20,217,1996,3
1,1996-12-31,legacy_1990s,70,70,1.0,0.0,9.057142857142855,0.5428571428571428,0,1,0,0,0,26,5,2,4,65.0,40.0,22.0,54.25,41.0,0.0769230769230768,2.1818181818181817,70,51.0,20,217,1996,4
1,1997-03-31,legacy_1990s,51,51,1.0,0.0,9.803921568627452,0.5882352941176471,0,0,0,2,0,23,2,2,1,70.0,65.0,42.0,56.5,44.0,-0.2714285714285714,0.2142857142857142,51,48.0,21,195,1997,1
1,1997-06-30,legacy_1990s,48,48,1.0,0.0,8.020833333333334,0.5208333333333334,0,0,1,0,1,13,4,0,6,51.0,70.0,40.0,58.5,46.25,-0.0588235294117647,0.1999999999999999,48,46.0,21,195,1997,2
1,1997-09-30,legacy_1990s,46,46,0.9130434782608696,0.0869565217391304,8.434782608695652,0.2826086956521739,0,0,0,1,0,7,3,2,0,48.0,51.0,65.0,53.75,48.0,-0.0416666666666666,-0.2923076923076922,46,50.0,21,195,1997,3
1,1997-12-31,legacy_1990s,50,50,0.94,0.06,8.22,0.6,0,0,0,0,0,22,5,1,2,46.0,48.0,70.0,48.75,51.5,0.0869565217391303,-0.2857142857142857,50,82.0,21,195,1997,4
1,1998-03-31,legacy_1990s,82,82,0.926829268292683,0.073170731707317,8.24390243902439,0.5121951219512195,0,0,2,1,0,19,11,4,5,50.0,46.0,51.0,56.5,56.5,0.6399999999999999,0.607843137254902,82,110.0,22,444,1998,1
1,1998-06-30,legacy_1990s,110,110,0.9727272727272728,0.0272727272727272,8.627272727272727,0.5,0,1,0,0,0,37,7,2,8,82.0,50.0,48.0,72.0,65.25,0.3414634146341464,1.2916666666666663,110,116.0,22,444,1998,2
1,1998-09-30,legacy_1990s,116,116,0.9827586206896552,0.0172413793103448,8.991379310344827,0.5431034482758621,0,1,1,1,0,40,10,4,6,110.0,82.0,46.0,89.5,71.625,0.0545454545454544,1.5217391304347827,116,136.0,22,444,1998,3
1,1998-12-31,legacy_1990s,136,136,0.8970588235294118,0.0955882352941176,8.713235294117647,0.5220588235294118,0,0,1,1,0,40,14,6,9,116.0,110.0,50.0,111.0,79.875,0.1724137931034481,1.7200000000000002,136,131.0,22,444,1998,4
1,1999-03-31,legacy_1990s,131,131,0.916030534351145,0.0687022900763358,8.954198473282442,0.6259541984732825,0,2,1,1,2,59,9,3,5,136.0,116.0,82.0,123.25,89.875,-0.0367647058823529,0.5975609756097562,131,115.0,23,688,1999,1
1,1999-06-30,legacy_1990s,115,115,0.9565217391304348,0.0434782608695652,8.382608695652173,0.5739130434782609,0,0,1,0,0,39,5,11,10,131.0,136.0,110.0,124.5,98.25,-0.1221374045801526,0.0454545454545454,115,207.0,23,688,1999,2
1,1999-09-30,legacy_1990s,207,207,0.966183574879227,0.0338164251207729,9.198067632850242,0.5265700483091788,0,0,0,0,0,78,8,10,13,115.0,131.0,116.0,147.25,118.375,0.8,0.7844827586206897,207,235.0,23,688,1999,3
1,1999-12-31,legacy_1990s,235,235,0.9787234042553192,0.0212765957446808,8.893617021276595,0.5872340425531914,0,0,2,1,1,86,13,18,17,207.0,115.0,136.0,172.0,141.5,0.1352657004830917,0.7279411764705883,235,176.0,23,688,1999,4
1,2000-03-31,mobile_2000s,176,176,0.9545454545454546,0.0454545454545454,9.159090909090908,0.5681818181818182,0,2,0,0,0,60,14,15,9,235.0,207.0,131.0,183.25,153.25,-0.251063829787234,0.3435114503816794,176,195.0,24,824,2000,1
1,2000-06-30,mobile_2000s,195,195,0.9076923076923076,0.0923076923076923,8.815384615384616,0.5333333333333333,0,0,0,1,0,65,14,15,9,176.0,235.0,115.0,203.25,163.875,0.1079545454545454,0.6956521739130435,195,229.0,24,824,2000,2
1,2000-09-30,mobile_2000s,229,229,0.9563318777292577,0.0436681222707423,8.375545851528384,0.5065502183406113,0,0,1,0,1,77,10,15,12,195.0,176.0,207.0,208.75,178.0,0.1743589743589744,0.106280193236715,229,224.0,24,824,2000,3
1,2000-12-31,mobile_2000s,224,224,0.9464285714285714,0.0535714285714285,8.616071428571429,0.4866071428571428,0,0,0,0,0,71,12,12,14,229.0,195.0,235.0,206.0,189.0,-0.0218340611353712,-0.0468085106382978,224,210.0,24,824,2000,4
1,2001-03-31,mobile_2000s,210,210,0.9761904761904762,0.0238095238095238,9.128571428571428,0.5,0,0,3,0,0,62,18,11,11,224.0,229.0,176.0,214.5,198.875,-0.0625,0.1931818181818181,210,216.0,25,797,2001,1
1,2001-06-30,mobile_2000s,216,216,0.9722222222222222,0.0231481481481481,8.791666666666666,0.5277777777777778,0,0,0,1,0,71,9,12,21,210.0,224.0,195.0,219.75,211.5,0.0285714285714284,0.1076923076923077,216,192.0,25,797,2001,2
1,2001-09-30,mobile_2000s,192,192,0.9791666666666666,0.015625,8.588541666666666,0.5260416666666666,0,0,0,0,0,62,13,11,15,216.0,210.0,229.0,210.5,209.625,-0.1111111111111111,-0.1615720524017467,192,179.0,25,797,2001,3
1,2001-12-31,mobile_2000s,179,179,0.9776536312849162,0.0223463687150838,8.11731843575419,0.4748603351955307,0,0,1,1,2,47,14,12,8,192.0,216.0,224.0,199.25,202.625,-0.0677083333333333,-0.2008928571428571,179,148.0,25,797,2001,4
1,2002-03-31,mobile_2000s,148,148,0.972972972972973,0.027027027027027,7.858108108108108,0.4797297297297297,0,1,0,0,0,44,9,10,7,179.0,192.0,210.0,183.75,199.125,-0.1731843575418994,-0.2952380952380952,148,220.0,26,781,2002,1
1,2002-06-30,mobile_2000s,220,220,0.9818181818181818,0.009090909090909,9.309090909090909,0.5318181818181819,0,1,2,0,1,76,17,9,11,148.0,179.0,216.0,184.75,202.25,0.4864864864864864,0.0185185185185186,220,202.0,26,781,2002,2
1,2002-09-30,mobile_2000s,202,202,0.9603960396039604,0.0346534653465346,8.53960396039604,0.5297029702970297,0,1,3,3,2,61,18,8,11,220.0,148.0,192.0,187.25,198.875,-0.0818181818181817,0.0520833333333332,202,211.0,26,781,2002,3
1,2002-12-31,mobile_2000s,211,211,1.0,0.0,9.09952606635071,0.5260663507109005,0,0,1,0,0,73,19,5,13,202.0,220.0,179.0,195.25,197.25,0.0445544554455445,0.1787709497206704,211,159.0,26,781,2002,4
1,2003-03-31,mobile_2000s,159,159,0.9937106918238994,0.0062893081761006,8.754716981132075,0.5911949685534591,0,1,1,1,0,60,13,8,10,211.0,202.0,148.0,198.0,190.875,-0.2464454976303317,0.0743243243243243,159,187.0,27,663,2003,1
1,2003-06-30,mobile_2000s,187,187,1.0,0.0,8.786096256684491,0.5294117647058824,0,0,1,0,1,68,11,7,11,159.0,211.0,220.0,189.75,187.25,0.1761006289308175,-0.15,187,191.0,27,663,2003,2
1,2003-09-30,mobile_2000s,191,191,0.9790575916230366,0.0209424083769633,9.434554973821989,0.5445026178010471,0,1,3,1,0,70,10,4,15,187.0,159.0,202.0,187.0,187.125,0.0213903743315508,-0.0544554455445545,191,126.0,27,663,2003,3
1,2003-12-31,mobile_2000s,126,126,0.992063492063492,0.0079365079365079,8.674603174603174,0.5396825396825397,0,0,1,1,1,40,9,4,12,191.0,187.0,211.0,165.75,180.5,-0.3403141361256544,-0.4028436018957346,126,136.0,27,663,2003,4
1,2004-03-31,mobile_2000s,136,136,0.9852941176470588,0.0147058823529411,9.669117647058824,0.5367647058823529,0,0,4,1,0,45,11,5,7,126.0,191.0,159.0,160.0,179.0,0.0793650793650793,-0.1446540880503144,136,145.0,28,513,2004,1
1,2004-06-30,mobile_2000s,145,145,0.993103448275862,0.0068965517241379,8.903448275862068,0.6,0,0,4,1,0,53,6,2,21,136.0,126.0,187.0,149.5,169.625,0.0661764705882352,-0.2245989304812834,145,125.0,28,513,2004,2
1,2004-09-30,mobile_2000s,125,125,0.976,0.024,8.632,0.496,0,0,0,3,0,49,5,1,4,145.0,136.0,191.0,133.0,160.0,-0.1379310344827586,-0.3455497382198953,125,107.0,28,513,2004,3
1,2004-12-31,mobile_2000s,107,107,0.9906542056074766,0.0093457943925233,8.85981308411215,0.5887850467289719,0,0,0,2,0,42,6,4,9,125.0,145.0,126.0,128.25,147.0,-0.144,-0.1507936507936508,107,91.0,28,513,2004,4
1,2005-03-31,mobile_2000s,91,91,0.978021978021978,0.0219780219780219,9.824175824175825,0.4835164835164835,0,1,2,1,0,29,2,2,7,107.0,125.0,136.0,117.0,138.5,-0.1495327102803738,-0.3308823529411765,91,101.0,29,414,2005,1
1,2005-06-30,mobile_2000s,101,101,0.9702970297029704,0.0297029702970297,9.148514851485148,0.5643564356435643,0,0,0,1,0,35,8,6,7,91.0,107.0,145.0,106.0,127.75,0.1098901098901099,-0.303448275862069,101,122.0,29,414,2005,2
1,2005-09-30,mobile_2000s,122,122,0.9836065573770492,0.0163934426229508,9.237704918032788,0.5983606557377049,0,0,1,2,0,49,3,6,12,101.0,91.0,125.0,105.25,119.125,0.2079207920792078,-0.024,122,100.0,29,414,2005,3
1,2005-12-31,mobile_2000s,100,100,0.97,0.03,8.5,0.61,0,0,1,1,0,40,7,3,9,122.0,101.0,107.0,103.5,115.875,-0.180327868852459,-0.0654205607476635,100,101.0,29,414,2005,4
1,2006-03-31,mobile_2000s,101,101,0.9207920792079208,0.0792079207920792,8.356435643564357,0.5742574257425742,0,0,2,3,0,45,1,4,3,100.0,122.0,91.0,106.0,111.5,0.01,0.1098901098901099,101,160.0,30,468,2006,1
1,2006-06-30,mobile_2000s,160,160,0.99375,0.00625,9.26875,0.49375,0,0,0,2,0,56,4,8,9,101.0,100.0,101.0,120.75,113.375,0.5841584158415842,0.5841584158415842,160,111.0,30,468,2006,2
1,2006-09-30,mobile_2000s,111,111,0.972972972972973,0.027027027027027,8.288288288288289,0.6216216216216216,0,1,0,3,0,44,6,5,10,160.0,101.0,122.0,118.0,111.625,-0.30625,-0.0901639344262295,111,96.0,30,468,2006,3
1,2006-12-31,mobile_2000s,96,96,0.9895833333333334,0.0104166666666666,8.729166666666666,0.5833333333333334,0,0,1,1,0,33,8,4,9,111.0,160.0,100.0,117.0,110.25,-0.1351351351351351,-0.04,96,103.0,30,468,2006,4
1,2007-03-31,mobile_2000s,103,103,0.9805825242718448,0.0194174757281553,8.563106796116505,0.5922330097087378,0,0,1,3,1,38,5,3,10,96.0,111.0,101.0,117.5,111.75,0.0729166666666667,0.0198019801980198,103,98.0,31,384,2007,1
1,2007-06-30,mobile_2000s,98,98,0.9591836734693876,0.0408163265306122,8.204081632653061,0.4489795918367347,0,0,0,0,0,29,6,2,7,103.0,96.0,160.0,102.0,111.375,-0.0485436893203883,-0.3874999999999999,98,91.0,31,384,2007,2
1,2007-09-30,mobile_2000s,91,91,0.978021978021978,0.0219780219780219,8.967032967032967,0.4945054945054945,0,0,2,2,0,22,8,5,6,98.0,103.0,111.0,97.0,107.5,-0.0714285714285714,-0.1801801801801802,91,92.0,31,384,2007,3
1,2007-12-31,mobile_2000s,92,92,0.9130434782608696,0.0869565217391304,8.467391304347826,0.532608695652174,0,0,1,2,0,29,7,2,8,91.0,98.0,96.0,96.0,106.5,0.0109890109890109,-0.0416666666666666,92,92.0,31,384,2007,4
1,2008-03-31,mobile_2000s,92,92,0.967391304347826,0.0217391304347826,8.054347826086957,0.5543478260869565,0,0,1,1,0,34,4,9,2,92.0,91.0,103.0,93.25,105.375,0.0,-0.1067961165048543,92,109.0,32,411,2008,1
1,2008-06-30,mobile_2000s,109,109,0.9357798165137616,0.055045871559633,8.128440366972477,0.4311926605504587,0,0,0,0,0,26,7,3,11,92.0,92.0,98.0,96.0,99.0,0.1847826086956521,0.1122448979591836,109,90.0,32,411,2008,2
1,2008-09-30,mobile_2000s,90,90,0.9777777777777776,0.0222222222222222,8.088888888888889,0.4777777777777778,0,1,1,1,0,25,5,6,4,109.0,92.0,91.0,95.75,96.375,-0.1743119266055045,-0.0109890109890109,90,120.0,32,411,2008,3
1,2008-12-31,mobile_2000s,120,120,0.9833333333333332,0.0166666666666666,7.691666666666666,0.55,0,1,0,0,2,40,5,9,9,90.0,109.0,92.0,102.75,99.375,0.3333333333333332,0.3043478260869565,120,92.0,32,411,2008,4
1,2009-03-31,mobile_2000s,92,92,0.9565217391304348,0.0434782608695652,7.804347826086956,0.4456521739130434,0,1,1,1,0,28,1,4,5,120.0,90.0,92.0,102.75,98.0,-0.2333333333333332,0.0,92,117.0,33,485,2009,1
1,2009-06-30,mobile_2000s,117,117,0.9487179487179488,0.0512820512820512,8.256410256410257,0.5042735042735043,0,0,3,2,1,37,4,6,6,92.0,120.0,109.0,104.75,100.375,0.2717391304347827,0.073394495412844,117,134.0,33,485,2009,2
1,2009-09-30,mobile_2000s,134,134,0.9402985074626866,0.0522388059701492,8.022388059701493,0.4253731343283582,0,1,2,0,1,30,8,6,9,117.0,92.0,90.0,115.75,105.75,0.1452991452991452,0.4888888888888889,134,142.0,33,485,2009,3
1,2009-12-31,mobile_2000s,142,142,0.9225352112676056,0.0633802816901408,7.866197183098592,0.4084507042253521,0,0,0,0,0,39,3,7,9,134.0,117.0,120.0,121.25,112.0,0.0597014925373133,0.1833333333333333,142,164.0,33,485,2009,4
1,2010-03-31,smartphone_2010s,164,164,0.9634146341463414,0.0304878048780487,7.628048780487805,0.4451219512195122,0,0,0,1,0,43,3,15,11,142.0,134.0,92.0,139.25,121.0,0.1549295774647887,0.7826086956521738,164,230.0,34,794,2010,1
1,2010-06-30,smartphone_2010s,230,230,0.9521739130434784,0.0434782608695652,7.939130434782609,0.508695652173913,0,0,3,2,1,67,13,9,22,164.0,142.0,117.0,167.5,136.125,0.4024390243902438,0.9658119658119656,230,203.0,34,794,2010,2
1,2010-09-30,smartphone_2010s,203,203,0.9802955665024632,0.0197044334975369,8.610837438423646,0.5123152709359606,0,1,0,1,0,66,15,8,13,230.0,164.0,134.0,184.75,150.25,-0.117391304347826,0.5149253731343284,203,197.0,34,794,2010,3
1,2010-12-31,smartphone_2010s,197,197,0.934010152284264,0.0609137055837563,8.355329949238579,0.4314720812182741,0,0,1,5,1,47,9,9,13,203.0,230.0,142.0,198.5,159.875,-0.0295566502463053,0.3873239436619717,197,225.0,34,794,2010,4
1,2011-03-31,smartphone_2010s,225,225,0.96,0.04,7.92,0.4888888888888889,0,0,3,3,2,63,15,6,18,197.0,203.0,164.0,213.75,176.5,0.1421319796954314,0.3719512195121952,225,249.0,35,969,2011,1
1,2011-06-30,smartphone_2010s,249,249,0.9718875502008032,0.0281124497991967,8.46987951807229,0.4618473895582329,0,0,2,4,1,70,11,11,16,225.0,197.0,230.0,218.5,193.0,0.1066666666666666,0.0826086956521738,249,251.0,35,969,2011,2
1,2011-09-30,smartphone_2010s,251,251,0.9800796812749004,0.0199203187250996,8.358565737051793,0.4581673306772908,0,0,1,0,1,78,10,9,16,249.0,225.0,203.0,230.5,207.625,0.0080321285140563,0.2364532019704432,251,244.0,35,969,2011,3
1,2011-12-31,smartphone_2010s,244,244,0.9795081967213116,0.0204918032786885,8.44672131147541,0.5081967213114754,0,0,4,2,1,76,17,11,13,251.0,249.0,197.0,242.25,220.375,-0.0278884462151394,0.2385786802030456,244,259.0,35,969,2011,4
1,2012-03-31,smartphone_2010s,259,259,0.996138996138996,0.0038610038610038,8.471042471042471,0.471042471042471,0,0,3,3,2,82,11,9,12,244.0,251.0,225.0,250.75,232.25,0.0614754098360654,0.1511111111111112,259,304.0,36,1182,2012,1
1,2012-06-30,smartphone_2010s,304,304,0.9967105263157896,0.0032894736842105,9.026315789473683,0.5098684210526315,0,0,5,3,0,99,17,4,27,259.0,244.0,249.0,264.5,241.5,0.1737451737451738,0.2208835341365462,304,331.0,36,1182,2012,2
1,2012-09-30,smartphone_2010s,331,331,0.9939577039274924,0.0060422960725075,8.969788519637461,0.5166163141993958,0,2,7,4,0,113,9,15,21,304.0,259.0,251.0,284.5,257.5,0.0888157894736842,0.3187250996015935,331,288.0,36,1182,2012,3
1,2012-12-31,smartphone_2010s,288,288,1.0,0.0,8.600694444444445,0.5277777777777778,0,0,6,1,1,103,15,7,19,331.0,304.0,244.0,295.5,268.875,-0.1299093655589124,0.180327868852459,288,273.0,36,1182,2012,4
1,2013-03-31,smartphone_2010s,273,273,0.9963369963369964,0.0,8.619047619047619,0.5347985347985348,0,1,4,2,1,103,11,9,15,288.0,331.0,259.0,299.0,274.875,-0.0520833333333333,0.0540540540540539,273,302.0,37,1326,2013,1
1,2013-06-30,smartphone_2010s,302,302,0.9966887417218544,0.0,8.8841059602649,0.5761589403973509,0,1,4,4,0,126,13,15,11,273.0,288.0,304.0,298.5,281.5,0.1062271062271063,-0.006578947368421,302,347.0,37,1326,2013,2
1,2013-09-30,smartphone_2010s,347,347,1.0,0.0,8.789625360230547,0.6167146974063401,0,0,6,4,1,155,18,10,20,302.0,273.0,331.0,302.5,293.5,0.1490066225165562,0.0483383685800604,347,404.0,37,1326,2013,3
1,2013-12-31,smartphone_2010s,404,404,1.0,0.0,8.608910891089108,0.5643564356435643,0,2,8,5,0,153,29,12,19,347.0,302.0,288.0,331.5,313.5,0.1642651296829971,0.4027777777777777,404,327.0,37,1326,2013,4
1,2014-03-31,smartphone_2010s,327,327,1.0,0.0,8.400611620795107,0.5932721712538226,0,2,2,5,0,137,14,13,21,404.0,347.0,273.0,345.0,322.0,-0.1905940594059405,0.1978021978021977,327,427.0,38,1697,2014,1
1,2014-06-30,smartphone_2010s,427,427,1.0,0.0,8.925058548009368,0.5831381733021077,0,4,9,2,0,177,17,8,32,327.0,404.0,302.0,376.25,337.375,0.3058103975535169,0.4139072847682119,427,525.0,38,1697,2014,2
1,2014-09-30,smartphone_2010s,525,525,1.0,0.0,8.998095238095239,0.5714285714285714,0,2,11,3,0,213,33,13,25,427.0,327.0,347.0,420.75,361.625,0.2295081967213115,0.5129682997118155,525,418.0,38,1697,2014,3
1,2014-12-31,smartphone_2010s,418,418,1.0,0.0,8.564593301435407,0.6267942583732058,1,1,5,8,0,177,20,16,34,525.0,427.0,404.0,424.25,377.875,-0.2038095238095237,0.0346534653465346,418,404.0,38,1697,2014,4
1,2015-03-31,smartphone_2010s,404,404,0.9975247524752476,0.0,8.804455445544555,0.6188118811881188,0,1,8,7,0,180,17,16,21,418.0,525.0,327.0,443.5,394.25,-0.0334928229665071,0.2354740061162079,404,345.0,39,1561,2015,1
1,2015-06-30,smartphone_2010s,345,345,1.0,0.0,9.228985507246376,0.6695652173913044,0,1,5,2,0,172,19,17,15,404.0,418.0,427.0,423.0,399.625,-0.146039603960396,-0.1920374707259953,345,410.0,39,1561,2015,2
1,2015-09-30,smartphone_2010s,410,410,0.997560975609756,0.0,8.890243902439025,0.6560975609756098,0,1,3,2,0,193,21,20,29,345.0,404.0,525.0,394.25,407.5,0.1884057971014492,-0.219047619047619,410,402.0,39,1561,2015,3
1,2015-12-31,smartphone_2010s,402,402,1.0,0.0,8.922885572139304,0.6368159203980099,0,0,8,0,2,172,29,13,32,410.0,345.0,418.0,390.25,407.25,-0.0195121951219512,-0.0382775119617224,402,448.0,39,1561,2015,4
1,2016-03-31,smartphone_2010s,448,448,1.0,0.0,8.823660714285714,0.6696428571428571,0,0,10,9,0,206,24,22,29,402.0,410.0,404.0,401.25,422.375,0.1144278606965174,0.108910891089109,448,413.0,40,1705,2016,1
1,2016-06-30,smartphone_2010s,413,413,0.9975786924939468,0.0024213075060532,9.246973365617434,0.6101694915254238,0,0,10,6,0,177,27,13,19,448.0,402.0,345.0,418.25,420.625,-0.078125,0.1971014492753622,413,404.0,40,1705,2016,2
1,2016-09-30,smartphone_2010s,404,404,0.9975247524752476,0.0024752475247524,8.851485148514852,0.6064356435643564,0,0,3,2,0,179,23,13,25,413.0,448.0,410.0,416.75,405.5,-0.0217917675544794,-0.0146341463414634,404,440.0,40,1705,2016,3
1,2016-12-31,smartphone_2010s,440,440,0.9954545454545456,0.0022727272727272,8.959090909090909,0.6477272727272727,0,1,9,4,0,208,21,12,30,404.0,413.0,402.0,426.25,408.25,0.0891089108910891,0.0945273631840795,440,358.0,40,1705,2016,4
1,2017-03-31,smartphone_2010s,358,358,0.9972067039106144,0.0027932960893854,9.164804469273744,0.6508379888268156,0,1,5,4,0,167,21,10,25,440.0,404.0,448.0,403.75,402.5,-0.1863636363636364,-0.2008928571428571,358,447.0,41,1599,2017,1
1,2017-06-30,smartphone_2010s,447,447,1.0,0.0,9.436241610738255,0.70917225950783,0,2,5,4,2,231,21,18,34,358.0,440.0,413.0,412.25,415.25,0.2486033519553072,0.0823244552058111,447,423.0,41,1599,2017,2
1,2017-09-30,smartphone_2010s,423,423,0.9976359338061466,0.0,9.3096926713948,0.6122931442080378,0,1,3,2,0,203,23,9,18,447.0,358.0,404.0,417.0,416.875,-0.0536912751677852,0.047029702970297,423,371.0,41,1599,2017,3
1,2017-12-31,smartphone_2010s,371,371,0.9973045822102424,0.0,9.064690026954178,0.6172506738544474,0,1,5,2,1,176,10,8,26,423.0,447.0,440.0,399.75,413.0,-0.1229314420803782,-0.1568181818181818,371,349.0,41,1599,2017,4
1,2018-03-31,smartphone_2010s,349,349,0.997134670487106,0.0028653295128939,9.45272206303725,0.670487106017192,0,0,8,5,0,171,15,17,18,371.0,423.0,358.0,397.5,400.625,-0.0592991913746631,-0.0251396648044692,349,369.0,42,1376,2018,1
1,2018-06-30,smartphone_2010s,369,369,1.0,0.0,9.086720867208673,0.5907859078590786,0,1,2,4,0,169,12,7,23,349.0,371.0,447.0,378.0,395.125,0.0573065902578797,-0.1744966442953019,369,324.0,42,1376,2018,2
1,2018-09-30,smartphone_2010s,324,324,1.0,0.0,8.898148148148149,0.6820987654320988,0,0,7,2,1,163,13,14,21,369.0,349.0,423.0,353.25,385.125,-0.1219512195121951,-0.2340425531914893,324,334.0,42,1376,2018,3
1,2018-12-31,smartphone_2010s,334,334,0.997005988023952,0.0,9.29940119760479,0.6467065868263473,0,1,2,1,1,168,12,14,17,324.0,369.0,371.0,344.0,371.875,0.0308641975308641,-0.0997304582210242,334,351.0,42,1376,2018,4
1,2019-03-31,smartphone_2010s,351,351,0.9943019943019944,0.0028490028490028,9.014245014245017,0.6296296296296297,1,0,7,2,2,160,10,16,23,334.0,324.0,349.0,344.5,371.0,0.0508982035928142,0.0057306590257879,351,425.0,43,1632,2019,1
1,2019-06-30,smartphone_2010s,425,425,0.9952941176470588,0.0,9.487058823529413,0.668235294117647,0,1,4,4,3,212,7,22,31,351.0,334.0,369.0,358.5,368.25,0.2108262108262109,0.1517615176151761,425,395.0,43,1632,2019,2
1,2019-09-30,smartphone_2010s,395,395,0.9974683544303796,0.0,8.934177215189873,0.5949367088607594,0,2,9,3,0,175,9,13,24,425.0,351.0,324.0,376.25,364.75,-0.0705882352941176,0.2191358024691359,395,461.0,43,1632,2019,3
1,2019-12-31,smartphone_2010s,461,461,1.0,0.0,9.099783080260304,0.6290672451193059,5,2,8,9,4,202,15,15,30,395.0,425.0,334.0,408.0,376.0,0.1670886075949367,0.3802395209580838,461,345.0,43,1632,2019,4
1,2020-03-31,modern_2020s,345,345,0.9971014492753624,0.0,9.130434782608695,0.6608695652173913,4,1,9,6,4,150,15,17,22,461.0,395.0,351.0,406.5,375.5,-0.2516268980477223,-0.0170940170940171,345,363.0,44,1391,2020,1
1,2020-06-30,modern_2020s,363,363,1.0,0.0,8.644628099173554,0.650137741046832,5,0,8,4,1,173,10,19,16,345.0,461.0,425.0,391.0,374.75,0.0521739130434781,-0.1458823529411764,363,368.0,44,1391,2020,2
1,2020-09-30,modern_2020s,368,368,1.0,0.0,9.679347826086955,0.6983695652173914,4,0,11,4,1,185,11,18,23,363.0,345.0,395.0,384.25,380.25,0.0137741046831956,-0.0683544303797468,368,315.0,44,1391,2020,3
1,2020-12-31,modern_2020s,315,315,0.9936507936507936,0.0031746031746031,9.447619047619048,0.5904761904761905,3,0,4,2,1,135,11,10,20,368.0,363.0,461.0,347.75,377.875,-0.1440217391304348,-0.3167028199566161,315,385.0,44,1391,2020,4
1,2021-03-31,modern_2020s,385,385,0.9974025974025974,0.0025974025974025,8.836363636363636,0.6909090909090909,9,2,10,4,6,186,17,10,22,315.0,368.0,345.0,357.75,382.125,0.2222222222222223,0.1159420289855073,385,355.0,45,1404,2021,1
1,2021-06-30,modern_2020s,355,355,1.0,0.0,9.045070422535211,0.6845070422535211,8,1,7,7,4,160,15,19,22,385.0,315.0,363.0,355.75,373.375,-0.0779220779220779,-0.0220385674931129,355,342.0,45,1404,2021,2
1,2021-09-30,modern_2020s,342,342,1.0,0.0,8.385964912280702,0.6081871345029239,6,2,6,3,0,148,9,17,17,355.0,385.0,368.0,349.25,366.75,-0.0366197183098591,-0.0706521739130434,342,322.0,45,1404,2021,3
1,2021-12-31,modern_2020s,322,322,0.9968944099378882,0.0031055900621118,8.630434782608695,0.6149068322981367,4,1,10,5,3,135,9,18,13,342.0,355.0,315.0,351.0,349.375,-0.0584795321637426,0.0222222222222221,322,377.0,45,1404,2021,4
1,2022-03-31,modern_2020s,377,377,0.9946949602122016,0.0026525198938992,8.673740053050398,0.7214854111405835,9,0,13,6,6,183,19,17,19,322.0,342.0,385.0,349.0,353.375,0.170807453416149,-0.0207792207792207,377,386.0,46,1418,2022,1
1,2022-06-30,modern_2020s,386,386,0.9974093264248703,0.0025906735751295,8.989637305699482,0.7020725388601037,8,1,13,9,1,180,10,20,29,377.0,322.0,355.0,356.75,356.25,0.0238726790450929,0.0873239436619719,386,363.0,46,1418,2022,2
1,2022-09-30,modern_2020s,363,363,1.0,0.0,8.870523415977962,0.699724517906336,16,1,12,10,5,152,15,21,22,386.0,377.0,342.0,362.0,355.625,-0.0595854922279792,0.0614035087719297,363,292.0,46,1418,2022,3
1,2022-12-31,modern_2020s,292,292,0.9965753424657534,0.0,9.082191780821915,0.6232876712328768,14,3,4,2,3,120,9,11,16,363.0,386.0,322.0,354.5,352.75,-0.1955922865013774,-0.0931677018633539,292,283.0,46,1418,2022,4
1,2023-03-31,modern_2020s,283,283,0.9929328621908128,0.0,8.886925795053003,0.6749116607773852,6,6,7,5,3,129,8,13,14,292.0,363.0,377.0,331.0,340.0,-0.0308219178082191,-0.2493368700265251,283,267.0,47,1208,2023,1
1,2023-06-30,modern_2020s,267,267,1.0,0.0,8.872659176029963,0.7715355805243446,10,2,12,6,2,132,9,10,23,283.0,292.0,386.0,301.25,329.0,-0.0565371024734981,-0.3082901554404145,267,306.0,47,1208,2023,2
1,2023-09-30,modern_2020s,306,306,0.9967320261437908,0.0,8.647058823529411,0.6405228758169934,9,2,10,4,2,133,11,14,11,267.0,283.0,363.0,287.0,324.5,0.146067415730337,-0.1570247933884297,306,352.0,47,1208,2023,3
1,2023-12-31,modern_2020s,352,352,0.9971590909090908,0.0,8.673295454545455,0.6704545454545454,14,2,5,8,3,155,9,17,23,306.0,267.0,292.0,302.0,328.25,0.1503267973856208,0.2054794520547944,352,383.0,47,1208,2023,4
1,2024-03-31,modern_2020s,383,383,0.9947780678851176,0.0,8.37597911227154,0.6527415143603134,11,6,11,10,2,156,9,24,21,352.0,306.0,283.0,327.0,329.0,0.0880681818181818,0.353356890459364,383,383.0,48,1549,2024,1
1,2024-06-30,modern_2020s,383,383,0.9947780678851176,0.0026109660574412,8.762402088772847,0.6553524804177546,12,3,14,7,5,159,10,17,24,383.0,352.0,267.0,356.0,328.625,0.0,0.4344569288389512,383,373.0,48,1549,2024,2
1,2024-09-30,modern_2020s,373,373,0.9946380697050938,0.0,8.804289544235925,0.7158176943699732,13,3,10,3,5,168,9,21,35,383.0,383.0,306.0,372.75,329.875,-0.0261096605744125,0.2189542483660131,373,410.0,48,1549,2024,3
1,2024-12-31,modern_2020s,410,410,0.997560975609756,0.0,8.34390243902439,0.6536585365853659,15,10,10,8,1,172,11,17,24,373.0,383.0,352.0,387.25,344.625,0.0991957104557641,0.1647727272727273,410,399.0,48,1549,2024,4
1,2025-03-31,modern_2020s,399,399,0.9949874686716792,0.0,8.421052631578947,0.6140350877192983,10,7,12,6,4,158,13,13,22,410.0,373.0,383.0,391.25,359.125,-0.0268292682926829,0.04177545691906,399,370.0,49,1177,2025,1
1,2025-06-30,modern_2020s,370,370,0.9972972972972972,0.0,8.694594594594594,0.654054054054054,11,3,9,12,2,152,15,18,20,399.0,410.0,383.0,388.0,372.0,-0.0726817042606516,-0.0339425587467362,370,408.0,49,1177,2025,2
1,2025-09-30,modern_2020s,408,408,0.9926470588235294,0.0,8.740196078431373,0.7034313725490197,9,8,14,5,5,185,14,21,26,370.0,399.0,373.0,396.75,384.75,0.1027027027027027,0.0938337801608579,408,,49,1177,2025,3
